Token,FileSize,ChunkSize,StartTime,ElapsedTime,UploadRate
292e601b8eb3d1985d90b56bfc2a1f34,5242880,1480,1399944371.8730896,0.336516852,15214.691239296 KB/s
b12b4a33ff60ff98f62f3abdd368c6c6,5242880,1480,1399944371.837174,0.391184143,13088.46509149 KB/s
4de5ed08485586cf1a06ad8267ef0027,5242880,1480,1399944371.8995888,0.36494345,14029.570882831 KB/s
3cfd6f59fb29240fa0f03627ee4ab9c0,5242880,1480,1399944371.8973997,0.388149551,13190.792020264 KB/s
48113d8405c4d7f7e22ce3fc6e029c13,5242880,1480,1399944371.9462059,0.342946378,14929.447658432 KB/s
50cac1cee15b4bea97a77f01c550734f,5242880,1480,1399944371.964871,0.330074428,15511.653026329 KB/s
06de01ae05e7761de8045089f650fb80,5242880,1480,1399944371.941541,0.372655806,13739.219723844 KB/s
328366afdf9c7efeb6185522c6ac3f03,5242880,1480,1399944371.9527342,0.454142026,11274.006162997 KB/s
a287dc14beb8fff8905d287c9989c9b4,5242880,1480,1399944371.9344332,0.496066033,10321.20657211 KB/s
4975698be47818e1c4652fa7a2b436ae,5242880,1480,1399944371.9525814,0.535238973,9565.820611497 KB/s
fa9a949389a7508e0cbcc3861b28b907,5242880,1480,1399944375.0056992,0.243984979,20984.898418685 KB/s
1c5e19c7f4654551423e2caf322000aa,5242880,1480,1399944374.9845939,0.275451508,18587.663713208 KB/s
c284f394a5a412a9bcff051aef0bd20b,5242880,1480,1399944375.049088,0.298823586,17133.855023077 KB/s
76c28229ccfa64ac27360c5122866071,5242880,1480,1399944375.1947057,0.309880256,16522.511198648 KB/s
fe1c2c244ef886c9928bcfdffc3d3763,5242880,1480,1399944375.1377318,0.379604066,13487.737510167 KB/s
d9e433e5a42730091b7b7e7789e245fa,5242880,1480,1399944375.177387,0.372826805,13732.918157534 KB/s
999261c62d948de63b31c96f59bb8568,5242880,1480,1399944375.195462,0.358062957,14299.161362285 KB/s
28dd15c0ce18a11f8dd4a2c8d085aea5,5242880,1480,1399944375.1532552,0.451077631,11350.596101716 KB/s
fbc63386a9e19b5b669ac67b4e0ab4e2,5242880,1480,1399944375.132985,0.497189913,10297.875854131 KB/s
cab8731af3c963e23a4d0e3524ca00b7,5242880,1480,1399944375.1539385,0.513766789,9965.611070279 KB/s
4afc8a96fa28557e4af78765b0d5a606,5242880,1480,1399944376.2413704,0.296271053,17281.472314475 KB/s
f7583a45ab2d2a2caeef5768a089ddcd,5242880,1480,1399944376.2343924,0.308718578,16584.683802217 KB/s
713dc93e83ea8d9f892dcf2076d2eafd,5242880,1480,1399944376.2345319,0.357726728,14312.601209938 KB/s
5ba1fea652ce8eb50c6b98f4be7a9902,5242880,1480,1399944376.3056445,0.353677295,14476.473532179 KB/s
5d16f90d9bd863fc7164fc982f8d98b2,5242880,1480,1399944376.3335693,0.37778882,13552.545043551 KB/s
bbd2ada8304af615b1b0be0baf2310ee,5242880,1480,1399944376.3194745,0.448712013,11410.436653498 KB/s
c57e31f5bca8ec2de471810de84afec2,5242880,1480,1399944376.2854788,0.494193936,10360.305189985 KB/s
a62249bdda17a923048c135a881ea00b,5242880,1480,1399944376.3526993,0.453918282,11279.563311354 KB/s
aa358d2df3d1ded7f2505d39953f5122,5242880,1480,1399944376.3381202,0.46890957,10918.949681492 KB/s
e58a6d2af0d3527e40f20e7b94c68809,5242880,1480,1399944376.3182604,0.490430814,10439.800791147 KB/s
d72c784905a3937834f5887110439691,5242880,1480,1399944379.3736846,0.332539889,15396.649152066 KB/s
9284a31138e707bae090fc70dafa7e7f,5242880,1480,1399944379.4173067,0.293118973,17467.310108241 KB/s
b549db3e5216ca7dd50d2f21c740fce9,5242880,1480,1399944379.4109683,0.358416009,14285.076200377 KB/s
d04501fe5fca9e43cc14c6105a3fa8ad,5242880,1480,1399944379.4342248,0.375727007,13626.91503302 KB/s
29b30d2660b0dfdce1d37869c127ca88,5242880,1480,1399944379.4736452,0.336308731,15224.106685473 KB/s
fb87bef333b1d5cf0bba2109ddd6fde0,5242880,1480,1399944379.5081701,0.389614901,13141.18116853 KB/s
c4d239299f3b29e55e5901c5b6a9bc43,5242880,1480,1399944379.458324,0.49107599,10426.084973122 KB/s
2c61dac957f6fa9ba3efe0fe59ab584d,5242880,1480,1399944379.4828124,0.490622638,10435.719030152 KB/s
4c3d8fbd887710fbc4f039b836a83246,5242880,1480,1399944379.512959,0.466684901,10970.999895281 KB/s
9d88db7e2e2ea40b72a00937b516c5e2,5242880,1480,1399944379.506498,0.528201985,9693.26156546 KB/s
c605feb2dfe3c0721b0e1530c1586cc4,5242880,1480,1399944380.6012044,0.310168219,16507.171548739 KB/s
f62c064cac406fc3814a85ff487cadd2,5242880,1480,1399944380.6124463,0.375370494,13639.857372487 KB/s
19b245e93095dd120a98d5c1e1b06800,5242880,1480,1399944380.6955192,0.335753278,15249.292666623 KB/s
eee43e562fc37fcd810c6bcfb13fde18,5242880,1480,1399944380.698885,0.335675972,15252.804570713 KB/s
1fa8eb2c9d554c809330364e9dcdfcc7,5242880,1480,1399944380.7029326,0.350251801,14618.054740566 KB/s
d8567601d721b653ab4b6eef9eb90b68,5242880,1480,1399944380.6749814,0.416188027,12302.131891939 KB/s
a77a73598c9ec013dcf16907341ecba6,5242880,1480,1399944380.6850839,0.424230334,12068.915373694 KB/s
bea50dffedd9f7ee22f1df94db9d3970,5242880,1480,1399944380.585066,0.552630328,9264.782876701 KB/s
e919ed33600621e8cac130a5ac72b113,5242880,1480,1399944380.6603456,0.504010665,10158.515197293 KB/s
442d34df86ac6d9c11f4ce7d7d8c57d0,5242880,1480,1399944380.7214746,0.494833905,10346.906200779 KB/s
58e8dd5a3e3d51ea0cf0bfb00893039d,10485760,1480,1399944537.305076,0.553972418,18484.674809207 KB/s
5e1e8f8b6940587a9035f5c558fa69b3,10485760,1480,1399944537.4050982,0.593963955,17240.103399877 KB/s
d029158dd401c269b1fa59bfa1077c63,10485760,1480,1399944537.3234086,0.800188141,12796.990451774 KB/s
5d2be490d5d5cab25aa446234af00556,10485760,1480,1399944537.4690783,0.723895018,14145.697574065 KB/s
bd412a2b7b43cffa833596ff3936b9b5,10485760,1480,1399944537.513019,0.70910879,14440.661495678 KB/s
96053a2bfb51e23f589313c4bbe72228,10485760,1480,1399944537.560086,0.682856938,14995.820398328 KB/s
da8eaf66453b0edce1bc241f57b20f78,10485760,1480,1399944537.5251129,0.816624588,12539.421602623 KB/s
3ae20234987ee7af588741bc9fe6b35b,10485760,1480,1399944537.5547419,0.830588067,12328.614396046 KB/s
a5f55a4933090356465c3348ebf558ea,10485760,1480,1399944537.5535414,0.846762129,12093.124679647 KB/s
39fab6f1ab15aefffd3ab9dfab4e2f6f,10485760,1480,1399944537.514128,0.892617472,11471.879412192 KB/s
b34c910ba1981c10d31e6e9c2220687e,10485760,1480,1399944540.921105,0.728412326,14057.971885555 KB/s
2245bb4abb0ffcd4ca950ad1a572c74a,10485760,1480,1399944541.0198662,0.649862542,15757.178384964 KB/s
069f952b764caf643673ed20932c6eab,10485760,1480,1399944541.0703087,0.703314045,14559.64099224 KB/s
724c9f564af438c61a191a01d8ebffec,10485760,1480,1399944541.0451515,0.80873739,12661.712104098 KB/s
1bfb19381182ed9d9fab523e3a5fccd3,10485760,1480,1399944541.0873332,0.765466164,13377.469157474 KB/s
8309f5a58311812a70d42ce8f87dbaca,10485760,1480,1399944541.0250993,0.835193888,12260.626121823 KB/s
209a6b35be982cf86bb66d814c3e6938,10485760,1480,1399944541.06206,0.865843883,11826.61239636 KB/s
06b0b2235ac2d197f7d32d5a937be3d3,10485760,1480,1399944541.044361,0.906260808,11299.17559008 KB/s
e07f1f078e61d4768c300ee9758b15b5,10485760,1480,1399944541.1046536,0.897424382,11410.432127083 KB/s
4b5f758681daa6c56e69c625617baf5e,10485760,1480,1399944541.087179,1.249197551,8197.262307953404 KB/s
96a4dcc28475ea9b4a10ebdffc6f5576,10485760,1480,1399944542.8715444,0.667559872,15339.44808474 KB/s
2acc7df4a0ef0e5522a1922f2cc15876,10485760,1480,1399944542.9290743,0.613270342,16697.367047957 KB/s
44f7cd7b27b2a4141a67dbbac032d552,10485760,1480,1399944543.0410075,0.571498197,17917.81680809 KB/s
7a8bdf8180d8eca0669e8e38c4bf53a9,10485760,1480,1399944543.0171754,0.633248799,16170.579424976 KB/s
3dfc0ff86a669292693f454b2882ea3a,10485760,1480,1399944543.0162096,0.666786865,15357.23112962 KB/s
5101fcaff4005a92f79c3c8de97d54c6,10485760,1480,1399944542.9144626,0.813648473,12585.28755329 KB/s
8ea82f2c0d26dcee5403782457dff540,10485760,1480,1399944543.057143,0.743403995,13774.475344325 KB/s
8d4bc4de27d71dfc807db5bebb72fdd2,10485760,1480,1399944543.0031588,0.872018528,11742.869757006 KB/s
5c0e1f1ba01b94a08e7f512280a891cc,10485760,1480,1399944543.0508106,0.885999421,11557.569629608 KB/s
06b7e280873b135f6f5f83bdc6a828bb,10485760,1480,1399944543.0217104,0.969412362,10563.10028776 KB/s
c1f2267e2264cea34cfa57789ce6c870,10485760,1480,1399944544.5447395,0.547404269,18706.467194175 KB/s
7ce50cc376c4cc826c000ceedad49af1,10485760,1480,1399944544.5991437,0.546625498,18733.118080782 KB/s
0c269e54ba0ae09e5c8dd7aab0d587ac,10485760,1480,1399944544.550352,0.684138758,14967.723842946 KB/s
282f6d78c74052cd78abd42e56800568,10485760,1480,1399944544.6171174,0.707431347,14474.902820499 KB/s
86149122a80081ae295a89886f815c78,10485760,1480,1399944544.6291108,0.835292981,12259.171611547 KB/s
d1c2db0f0b5279a77fab8a40dd1fb2e5,10485760,1480,1399944544.6648958,0.803562346,12743.255145009 KB/s
2b4837ba7e967d2a1ef63abc65e363fb,10485760,1480,1399944544.650685,0.848646822,12066.268009898 KB/s
0a4fd412a574b58addd6f84ffdcdfa2b,10485760,1480,1399944544.689175,0.842384343,12155.97142218 KB/s
b05dd8d9cba0061bf6c86e83fc90e940,10485760,1480,1399944544.6569993,0.955265146,10719.53691902 KB/s
cdb3897dedd9fecc9b8d1fddbac04960,10485760,1480,1399944544.690568,0.961308055,10652.152498608 KB/s
e76c6a75502160387d255c107e650ab1,10485760,1480,1399944546.2579262,0.585345505,17493.941462829 KB/s
b981b51ff81f5c561240eb652d6f50d8,10485760,1480,1399944546.1450818,0.781779102,13098.329149249 KB/s
975c3904436d1a6e046f9c1478606ce1,10485760,1480,1399944546.3114686,0.626392708,16347.572168736 KB/s
faf29e38947861c28124747549cc7a67,10485760,1480,1399944546.2531073,0.789387373,12972.084872708 KB/s
5746a6096966ad5bd30fcc3ee8899087,10485760,1480,1399944546.35293,0.698002334,14670.438050426 KB/s
5584672f11681812bb0b473c9b162494,10485760,1480,1399944546.3352067,0.728549765,14055.319886075 KB/s
55f8f31f8d3be481963ac7c605555e4d,10485760,1480,1399944546.331914,0.88260397,11602.032562804 KB/s
e8a51929b37d87ae9a3370216afd7316,10485760,1480,1399944546.331762,0.892675948,11471.127930513 KB/s
b78e27a1fc9776e596c6e11a7b41cad8,10485760,1480,1399944546.2942636,0.975286277,10499.481271795 KB/s
b70e000eacbe86dd58e4921f5ccd283d,10485760,1480,1399944546.3517456,1.052578987,9728.4860580254 KB/s
babee4a62c04cb2daea3c14a1e2a58ce,15728640,1480,1399944773.4883602,0.906387101,16946.401800129 KB/s
ce8711c57567361f801fe7d2d1e9a508,15728640,1480,1399944773.3666353,2.687614218,5715.105946801476 KB/s
a73d34941e91da0369e591d213652b15,15728640,1480,1399944773.2915885,2.770166915,5544.792235019528 KB/s
d5eb9381f398521657fb36ff53b2a91b,15728640,1480,1399944773.3997664,2.727939629,5630.623140157476 KB/s
87503847330924f37a5abe95fa187354,15728640,1480,1399944773.401053,2.76349763,5558.173755336276 KB/s
aa85a30fcfcb6f3bfc109eee5a29a5e6,15728640,1480,1399944773.479246,2.705698594,5676.907263085934 KB/s
302a70fcc0f4c365731cec858ee486e2,15728640,1480,1399944773.4237494,2.843589084,5401.624336802384 KB/s
1444de6d62db4e858e39affdf39bb6e5,15728640,1480,1399944773.441347,2.863672008,5363.742760026308 KB/s
dbaf581ee77d30859a4ce8d6bc8b9e2c,15728640,1480,1399944773.4466,2.888369842,5317.878540569529 KB/s
fd443120aba2420b929aa9f0b3dd8037,15728640,1480,1399944773.4930737,2.951776905,5203.645293782797 KB/s
c5cd6939975c7d1d3e87665c90e28323,15728640,1480,1399944776.8651044,0.846461911,18146.120694142 KB/s
62e95d0f1d337d71b36c46e7f2cd0bf3,15728640,1480,1399944777.190368,0.913962713,16805.937246151 KB/s
fd7e7ea0bc115492a1ab7503ceda4979,15728640,1480,1399944777.1610692,2.85107578,5387.440105152168 KB/s
3d18fba76f8c391c6b3363e8b5b715b5,15728640,1480,1399944776.9987326,3.028018534,5072.6241690831075 KB/s
29329e5cfa82954c2597acd52c9697a8,15728640,1480,1399944777.0053008,3.029784,5069.668332792041 KB/s
322480d43e68ae53feaf938947092761,15728640,1480,1399944776.9455752,3.155998202,4866.922924818574 KB/s
04c1ffeed1a522e8ae65ed5f96204627,15728640,1480,1399944777.1827986,3.042279554,5048.845685402124 KB/s
31139456cd08863dfb8835d0637d863c,15728640,1480,1399944777.1933537,3.11907264,4924.540648081861 KB/s
a6cae0cb9f9ccf4b8980ed1f50b8d59c,15728640,1480,1399944777.1010532,3.265062077,4704.351598151866 KB/s
615a47677b2a138c24213c0c0eee6685,15728640,1480,1399944777.1571317,3.273641658,4692.022403387928 KB/s
5ab97f63a6dba8f9a1e9a9cd33e98c9d,15728640,1480,1399944780.993093,1.008941321,15223.878416215644 KB/s
c9d346e49101123bf857131646e55cf8,15728640,1480,1399944781.0921934,0.937568553,16382.80203709 KB/s
f7e64ea03652073756110d81546cf643,15728640,1480,1399944781.0012417,1.041341243,14750.20806412063 KB/s
88bc215d08e9f15e89defe92f5ffc998,15728640,1480,1399944781.041089,2.528298153,6075.232852491824 KB/s
6a32d16ccb06085dc45310fdcff0be6b,15728640,1480,1399944781.130666,2.617091206,5869.111464203208 KB/s
8db478b39f64c5fdcf0b554b0d50603c,15728640,1480,1399944781.0913994,2.67176647,5749.005451063992 KB/s
0a9b3fb25de13bc60635f454a26845f8,15728640,1480,1399944781.1321135,2.723734095,5639.317005355473 KB/s
8029d19999940a15baac92afd4a88251,15728640,1480,1399944781.1067328,2.760264014,5564.685088851794 KB/s
666e6c0e67f71b3f0e07bbc512ed05a0,15728640,1480,1399944781.0610895,2.819014018,5448.713593449042 KB/s
4b26fa32f6f25e4a030007582bf41368,15728640,1480,1399944781.11876,2.786725854,5511.844653808562 KB/s
01aea57537f289d8df147760acf70673,15728640,1480,1399944786.518473,0.954941461,16084.755586919 KB/s
b938100948512c71c88e0221cef0f7e6,15728640,1480,1399944786.4850638,1.308884718,11735.181707576481 KB/s
f7f2ed1afd176dfafc8442ea83252529,15728640,1480,1399944786.5730758,1.345000597,11420.069280459955 KB/s
1b07a26924723429050d4d226d3226d3,15728640,1480,1399944786.5326257,1.461084698,10512.737571631184 KB/s
b96575be86c18d570caaaeaf50c40592,15728640,1480,1399944786.5910048,1.426925754,10764.400289883617 KB/s
08f103c4d7ee7fce111fb678da5007da,15728640,1480,1399944786.6369863,1.522051972,10091.639630292466 KB/s
53392988800c19733cd6f5d45af1d4da,15728640,1480,1399944786.6396365,2.067145346,7430.537010724547 KB/s
48b688952fa4504e331d24b0c78a6f22,15728640,1480,1399944786.6387565,2.077617578,7393.083386782936 KB/s
a6224550c773e4f1355ca2b9fe337dc5,15728640,1480,1399944786.6040008,2.214474818,6936.18183198505 KB/s
e0515e06ed7d90048eeba6d577cb5bd0,15728640,1480,1399944786.614432,2.355047353,6522.161849711223 KB/s
f6e837cd725e07bb56f8b86296f88507,15728640,1480,1399944791.5085995,1.165597813,13177.787251047288 KB/s
a2f7a066d71a2b7b3bd22b54821de99e,15728640,1480,1399944791.6960979,1.869212267,8217.36528866895 KB/s
beecb3577bcdf80cba1eb9b7cba2cd16,15728640,1480,1399944791.5818179,2.408198591,6378.211521842054 KB/s
10ab2603d9cedc9151d25ccf7a115c1b,15728640,1480,1399944791.5930984,2.460401468,6242.883610570176 KB/s
aa46e1c71d22059e913878917e1a2ad7,15728640,1480,1399944791.6885436,2.541768096,6043.0375313043505 KB/s
1d42fcd82a88fd880214c1cec1deb043,15728640,1480,1399944791.6330688,2.660892444,5772.4993862998845 KB/s
bf4276f3e4a6f2aa22500b073f644a4b,15728640,1480,1399944791.6440265,2.65269415,5790.33960624522 KB/s
17cdfb8aaf57540d580909c1b15f4b0c,15728640,1480,1399944791.6673343,2.630080636,5840.125123829093 KB/s
18b0fb24f40e0e69a24034a8e39beef1,15728640,1480,1399944791.6803336,2.646044257,5804.891569506352 KB/s
22837951a0d31af5fc73edb524d00ace,15728640,1480,1399944791.6552236,2.738659871,5608.582563555589 KB/s
e3b3e10e9e46d1a68dfd22c40d69bb1b,20971520,1480,1399944962.1719136,1.049836441,19507.800644157673 KB/s
296d40bc929acd52815fb36d3e765ea4,20971520,1480,1399944961.9772284,1.31052042,15627.379541327558 KB/s
b1ce40a8fc129b47e8aa3f4f9d8daf01,20971520,1480,1399944962.125109,1.732582275,11820.506474937822 KB/s
68ea6c647406cd870f7d6f1f33e7b08c,20971520,1480,1399944962.0947266,1.78415244,11478.839778959695 KB/s
52d9f97ec24e2ad772c590a00a3a2b29,20971520,1480,1399944962.0226955,2.322390574,8818.499450213494 KB/s
7043a04fb8384bbc2a8f06a975c739e1,20971520,1480,1399944962.1473265,2.449191561,8361.942906433198 KB/s
f1316fa87e0513e4cc18010a2ba19357,20971520,1480,1399944962.0114036,2.773396504,7384.447182529512 KB/s
8bf2e1fc30f3a8c79d9239f95fc83497,20971520,1480,1399944962.138335,2.677496172,7648.937172784873 KB/s
1f61a04f119b69214556677900265792,20971520,1480,1399944962.1384206,2.728917041,7504.808571423333 KB/s
5ef068f40b98f4e98ee3503efdcf1a19,20971520,1480,1399944962.146154,2.757449222,7427.1539931189345 KB/s
8428a4902b6ca892401e24682e75b3ca,20971520,1480,1399944965.5690937,1.084600277,18882.53251847547 KB/s
f805e6a18297bf9b679eaa2713c4f1dd,20971520,1480,1399944965.6094697,2.773519932,7384.118557688447 KB/s
233ddcd046ac15fc9febe5e9d3c16a76,20971520,1480,1399944965.6305473,3.050674704,6713.269026404855 KB/s
5ec250c4d7df6bf53a84026dde698c49,20971520,1480,1399944965.565901,3.132112642,6538.717581664804 KB/s
64f1df7e7c54a95b974665f28b858f09,20971520,1480,1399944965.448784,3.415233879,5996.661056195853 KB/s
b47472e8b5e036e3fa4f6e7230dcecb6,20971520,1480,1399944965.591364,3.276107342,6251.321419614217 KB/s
f80fd784d928f8aeef9f47150fb19605,20971520,1480,1399944965.5928917,3.328874386,6152.229740518662 KB/s
f26dabbaa0f6f9db05f455b8841101ca,20971520,1480,1399944965.6096315,3.385239343,6049.793803309228 KB/s
8e10cc9ba11c9494cf17cf3c7620a4f0,20971520,1480,1399944965.529103,3.612969603,5668.467286022722 KB/s
9132b8e4306e96dbed781218ab150853,20971520,1480,1399944965.5144064,3.836877641,5337.673472084538 KB/s
c091a3355b27abc9ba89d685fd393aac,20971520,1480,1399944971.9007933,1.16719859,17546.285761020325 KB/s
50bf29d4f85f3544bcd14578a5543757,20971520,1480,1399944971.922243,2.806028478,7298.571686128126 KB/s
5b4cf544dc00434505ac971088ad6941,20971520,1480,1399944972.0765781,2.727097177,7509.816728470765 KB/s
86c0dc20f771850bcd0bd841ff23afd1,20971520,1480,1399944971.958005,3.062659094,6686.999555426197 KB/s
6975ac67d2d0580cc8d630ce00e9a8b7,20971520,1480,1399944972.046853,2.990079321,6849.316623864909 KB/s
f7dd4362ccd252fc6a857137b71beff4,20971520,1480,1399944972.0361505,3.117852155,6568.624483093875 KB/s
05c8d8534fb9078ff81788344e34257c,20971520,1480,1399944972.074187,3.172965932,6454.528803305159 KB/s
1f36cd7ff89c2669cfbde79255cfd007,20971520,1480,1399944972.0065336,3.317721592,6172.9109667861485 KB/s
0093217f624b0febe2f10080ec00e6d0,20971520,1480,1399944972.041549,3.336340973,6138.461316076041 KB/s
1a19ab2ab2f0e1b23b5f032c8762de7e,20971520,1480,1399944972.098557,3.337317354,6136.665419443356 KB/s
25c388145883b2166b5f80015d8bfc09,20971520,1480,1399944977.9515905,1.439664534,14225.536238708231 KB/s
62d1622bd95b2dffb23e069572461692,20971520,1480,1399944978.037074,2.516942829,8136.855459739169 KB/s
a0f2ee2056e4d72c180a5e4b0ddb811f,20971520,1480,1399944978.1573598,2.968162287,6899.892263202251 KB/s
74ade59dda202258ab9a8a1f5b8cf41f,20971520,1480,1399944978.1187696,3.401739224,6020.449732157364 KB/s
26e00e95ccb0de8a795f8ee5487f0187,20971520,1480,1399944978.104454,3.463598607,5912.92534839618 KB/s
a8c2654c60f2e670a38b143a347bae7e,20971520,1480,1399944978.1389809,3.459865864,5919.3046219204525 KB/s
5aee33fc7f2b935751e87bca28cbb3cf,20971520,1480,1399944978.1531174,3.448982286,5937.983527236938 KB/s
477daf98d9bda69032187419e66271a8,20971520,1480,1399944978.085094,3.522099677,5814.713346626278 KB/s
5f4fc69754bfb59257b215cda9089452,20971520,1480,1399944978.1331468,3.519871078,5818.3949202016765 KB/s
a5d84ebfb3cf8572f34bec85779edc68,20971520,1480,1399944978.122316,3.65834011,5598.167306538375 KB/s
ca9b2b22f24da61c4b3845623a9cda84,20971520,1480,1399944984.3742802,1.177563182,17391.84810891956 KB/s
b93b87e7382f5b7d3d25e8683337bf57,20971520,1480,1399944984.4876053,2.950961447,6940.111000372551 KB/s
e6c55ea0e53c4d61b926348848587687,20971520,1480,1399944984.4170895,3.124665485,6554.30160390433 KB/s
387c4b6c9affb034c0e74f838ad527f3,20971520,1480,1399944984.4898033,3.20178407,6396.433848207634 KB/s
0c1b8bad764101b7309583d852115e02,20971520,1480,1399944984.3851078,3.414637747,5997.707961259763 KB/s
6bc08814c1738005372ada670cf6c3f2,20971520,1480,1399944984.4557054,3.361992307,6091.626074622068 KB/s
3caa118afe25e32b51b5570eced267cf,20971520,1480,1399944984.479142,3.366656541,6083.186612768291 KB/s
02e7971b6256b06355a8c6e84d39f8cf,20971520,1480,1399944984.4493282,3.457257801,5923.769987322389 KB/s
8bcbe2672aad65b966964aefb2405836,20971520,1480,1399944984.4730937,3.445073515,5944.720747127511 KB/s
7631de921a24f7a07b0a519abe500691,20971520,1480,1399944984.5105302,3.418965467,5990.116073904177 KB/s
875292f4b7a34e8bfc114abb05f72b5c,26214400,1480,1399945165.7057803,2.340812883,10936.371798838907 KB/s
3ddb87cb1e9f64b38d535f93adb7235a,26214400,1480,1399945165.8677084,2.333528997,10970.508630024107 KB/s
0aafb32d6e67b7f2a272fe4c97cc8f29,26214400,1480,1399945165.8145454,2.929581002,8738.450987538183 KB/s
6484c66c7723c7698d3bd8e4005d93da,26214400,1480,1399945165.8542185,2.983685032,8579.994109780419 KB/s
7aa5594cd705ad984c460f20fe4f63c0,26214400,1480,1399945165.8675199,4.128472306,6200.840917061489 KB/s
f1d33a30018f7f655cf18e5b0e6b8528,26214400,1480,1399945165.7776284,4.323998238,5920.446445843349 KB/s
83bc68df1447333003c7fe23b86dabf9,26214400,1480,1399945165.7751899,4.334583938,5905.987833243339 KB/s
0bae262f1fa6a1f57c4a2370150104a6,26214400,1480,1399945165.8621993,4.295390092,5959.877787975304 KB/s
c36a93a46865bbd6a10361c4120736f2,26214400,1480,1399945165.8175743,4.415533514,5797.713893198184 KB/s
7051c481bef21c9a2e91cf40c2c07995,26214400,1480,1399945165.833086,4.472672316,5723.647562648764 KB/s
dd447089f90d727eac9645aa4fda337f,26214400,1480,1399945170.8741908,1.25651757,20373.770022173267 KB/s
9b29a87da0c2b7ef0b7be2f67b9721ee,26214400,1480,1399945170.8650749,1.297311307,19733.120232490197 KB/s
34292a7ff8caed825c185a3f3e0e6a1c,26214400,1480,1399945171.0158556,3.062158553,8360.115767003525 KB/s
2dbaf493cd71b5cb01d366531748a08f,26214400,1480,1399945171.0210922,3.060844354,8363.705252292617 KB/s
676c6b404a55b82ed342d65766ebe931,26214400,1480,1399945170.977092,3.131148872,8175.912754875872 KB/s
86525a93453995a03f91e55ff5ecc951,26214400,1480,1399945171.0359418,5.046129251,5073.1954586630545 KB/s
8e1ce4b76c88a8f71139e38e712ad897,26214400,1480,1399945170.9610832,5.187642541,4934.804161557592 KB/s
800add26bf5bfa38c46bfbefcbdf7d57,26214400,1480,1399945171.000348,5.188952958,4933.5579272368495 KB/s
1a44a695ef9387c5f8b47d51569d1608,26214400,1480,1399945170.970878,5.377420206,4760.647116890013 KB/s
ecdaf87f7bd7268f6b537fe3f664433e,26214400,1480,1399945171.0341594,5.335131813,4798.381913942789 KB/s
d4f1c927b0afb870e13b433920169403,26214400,1480,1399945177.1154585,1.687114734,15173.834644490753 KB/s
6a366584b8dd56a5a3c127dec77bce0b,26214400,1480,1399945176.9139328,2.58533719,9901.996574767874 KB/s
4a1663316ac5f1c602a83bda80191761,26214400,1480,1399945177.0310037,3.452895368,7414.067694390675 KB/s
fd98b0339fcad080f06e9d7d13e4a293,26214400,1480,1399945177.0950239,3.467577521,7382.675612863393 KB/s
4496bb55e3eeb36b7cb7d0c3ae20c5f2,26214400,1480,1399945176.9731467,3.592205454,7126.541153567326 KB/s
72c298ec3ee13dd6703507c49fa186f1,26214400,1480,1399945177.117609,3.541670039,7228.228411483592 KB/s
8612bf0945a5c7f0e5efec1ef7ae5905,26214400,1480,1399945177.0781624,5.268483141,4859.083594816423 KB/s
af43c2a7ec8e1e5f86e3589a507fb056,26214400,1480,1399945177.0037582,5.432174822,4712.661289235658 KB/s
c8043a1481587ce6a1184d6bdf47d57f,26214400,1480,1399945177.053908,5.403415634,4737.744000094441 KB/s
e8601c75ad5f8887b845d348df99c014,26214400,1480,1399945177.093131,5.382307095,4756.324666755196 KB/s
151c087f24fb4e129409efa6fe2c0de6,26214400,1480,1399945185.2225978,0.97705293,26201.24172802 KB/s
f78ac711b64c6f86cda748aed02a75da,26214400,1480,1399945185.1010728,2.984971041,8576.297608376028 KB/s
aa2316693e00b0bdea571c34a30bbdce,26214400,1480,1399945185.0371118,3.393409377,7544.035262445142 KB/s
adb3ae45f69179caa225bb0cc55ef990,26214400,1480,1399945185.2010818,3.502875845,7308.280719267114 KB/s
e6c4ff058e1f1a025e7e564941fc75e2,26214400,1480,1399945185.0770812,5.490982407,4662.189404825751 KB/s
bd30267cd577984a8d0770d556d0c440,26214400,1480,1399945185.2010999,5.431492119,4713.25363990646 KB/s
0e9c8bba65693542b358ff50ec5131f8,26214400,1480,1399945185.2142167,5.440281291,4705.639034207799 KB/s
0be073b3c93324e9eafb09265793ee51,26214400,1480,1399945185.1990857,5.509216778,4646.758519691708 KB/s
3b4eb0b20b243d546fe7fe782311f76d,26214400,1480,1399945185.177143,5.648674227,4532.03689418572 KB/s
8430faa51f54a5b9ca3cca59e494d2e2,26214400,1480,1399945185.1731408,5.727679308,4469.523977057132 KB/s
e941fdabca0c40d7978ad50b6d81f29f,26214400,1480,1399945193.4450705,1.531029596,16720.77409011759 KB/s
ad8ace8edb8f8fbbdcc6ea9ef34dfcbc,26214400,1480,1399945193.609493,1.49189439,17159.39155719997 KB/s
07617fbf86a187acd7eadb0feb7863a5,26214400,1480,1399945193.5534508,1.560262532,16407.49519709674 KB/s
26f6ed790399fae6fc462b2342ad51e4,26214400,1480,1399945193.623873,3.080325079,8310.811146046575 KB/s
634c59468b20e749ba6b7c883732c2e6,26214400,1480,1399945193.6404595,3.208006066,7980.034785881854 KB/s
269fb8689e6643607248e90580948f20,26214400,1480,1399945193.6236525,3.297637718,7763.132942185737 KB/s
1adcba34cb44bb580af4461c0a884882,26214400,1480,1399945193.6336439,3.371472046,7593.122425669372 KB/s
f50bf7a916d1797bcc7f28d6b991df05,26214400,1480,1399945193.5790532,3.515933459,7281.138934660367 KB/s
aefc1187faab8ce207d8b769dbd2f19c,26214400,1480,1399945193.5851135,3.575184782,7160.469055722223 KB/s
d71c4152cc7ad7475b87a569a6ee5e92,26214400,1480,1399945193.6001265,3.690313507,6937.07999372965 KB/s
53adf7a3f0cf6d15b7595a20c2e0b0f7,31457280,1480,1399945406.327286,1.731430261,17742.55694379365 KB/s
3932022d6cbc9bfae42c85e7b40e2364,31457280,1480,1399945406.4007068,1.70887121,17976.77895223011 KB/s
076c36203ecca35e77ed1ee40cccc811,31457280,1480,1399945406.384798,2.948256948,10419.71596839259 KB/s
4c25f700c590f0bbf733bcd6445f90ea,31457280,1480,1399945406.3291106,4.776133235,6431.981372479447 KB/s
4c478d9682a65443f07b2c0f5ef7cd0b,31457280,1480,1399945406.3474483,4.956368598,6198.086238460185 KB/s
8c07b94c944325837cef5e7861ccc3cb,31457280,1480,1399945406.1011345,5.303683637,5792.20068589472 KB/s
7d42d2fb762f99e4c7d4bdbaac4a1e36,31457280,1480,1399945406.3411345,5.220159246,5884.877941901775 KB/s
d089a0409ac52bbfd415d586db4f4319,31457280,1480,1399945406.375118,5.246077389,5855.803817231869 KB/s
979ee0be90bff1b674e1471058d0c756,31457280,1480,1399945406.2657232,5.388389678,5701.146694238768 KB/s
081d8d380ee00f3862898f7432f4bf8a,31457280,1480,1399945406.285148,5.453629653,5632.945754411681 KB/s
2fd6987d8ed4b46168c3e7465f17a391,31457280,1480,1399945412.317107,1.454321314,21123.255022307952 KB/s
20607f1ed43ed292bb2de06a5d6209bf,31457280,1480,1399945412.344908,3.10859501,9882.277974833396 KB/s
8749bef51d17c0877b2bd175dd1460ce,31457280,1480,1399945412.4667437,3.49756445,8783.254873259018 KB/s
fecd78e5f6fef542f16e0b02f5d27740,31457280,1480,1399945412.4251173,5.360814726,5730.472245386083 KB/s
6d0a6d65dd06d0ff6432804f393d6823,31457280,1480,1399945412.5128314,5.404851814,5683.782101190462 KB/s
26603415f9b67602d0ac4a3f99774b44,31457280,1480,1399945412.3371239,5.587464952,5498.021063918076 KB/s
da30724450cdaa04c514571c5c1306d6,31457280,1480,1399945412.498714,5.650156352,5437.017683435603 KB/s
0748c0581f967d0995822d00b9068ea6,31457280,1480,1399945412.4725387,5.840748422,5259.5999314554965 KB/s
f4e829103237fe896bc8690f675f3eae,31457280,1480,1399945412.454227,5.885684483,5219.443904737086 KB/s
ac9442ba82b4246a93fe0627c9785b27,31457280,1480,1399945412.4450972,5.996591771,5122.910008409175 KB/s
df9f87d8c231724b1fa2c25cea3db790,31457280,1480,1399945419.025088,1.386723175,22152.94339477668 KB/s
d2fe8f52e10210eb9ac1e7aaab6c9053,31457280,1480,1399945419.014433,2.054897358,14949.65180640424 KB/s
7c7f7abaa039c150bf19f768c557bd6e,31457280,1480,1399945419.2179906,3.151979487,9746.256321369265 KB/s
c7e3b8eaed6778c4eac75332c56aeb9d,31457280,1480,1399945419.0651016,5.3180476,5776.556042860541 KB/s
ff0cce9d30e820497fd3a4833ecc3657,31457280,1480,1399945419.1322887,5.609517736,5476.4066085127715 KB/s
43c2fcb32bf56d3c49ea4e6541dbd30a,31457280,1480,1399945419.1752212,5.663644624,5424.069135592007 KB/s
ed33ed7c300ddb828633626204da78a9,31457280,1480,1399945419.174261,5.677275825,5411.0458866070685 KB/s
3bce97916b8d567b6bf9b0f605c85543,31457280,1480,1399945419.1829333,5.674369591,5413.817254470762 KB/s
308a9d9a41260a946fbef0b00b54f635,31457280,1480,1399945419.2137203,5.754086324,5338.814586751758 KB/s
a8459e829f8b1fbe3ac7d0d068ae7ec2,31457280,1480,1399945419.1139739,5.958134674,5155.976103402862 KB/s
d370a5a225042a4a3fe9a8f3ae7cb1d8,31457280,1480,1399945427.7508733,2.834395677,10838.289180752232 KB/s
1bd4dd75a0f372ffed791a6a3f9b98f2,31457280,1480,1399945427.8262467,2.930634707,10482.370909831718 KB/s
7eaf4fd56aaeacebb7aa2f5b25aa36ba,31457280,1480,1399945427.7331128,4.836297761,6351.9662184009185 KB/s
5851485d7e6ed0c2448ce7ec5e6abba4,31457280,1480,1399945427.813383,5.005533926,6137.207429647536 KB/s
17caff58597aa49d10eba6d58374ba1a,31457280,1480,1399945427.5411332,5.460583569,5625.772339498463 KB/s
a18add741ec6bc1f89be788b880b5ef9,31457280,1480,1399945427.7999568,5.233883839,5869.446274502998 KB/s
7e1cd9b5939d2ecbef7a12aae9f94a84,31457280,1480,1399945427.7625656,5.410129529,5678.237431346351 KB/s
af25c478fcc6943a26e28f2a434e0789,31457280,1480,1399945427.7720435,5.512809068,5572.476684948016 KB/s
6633226b8b6958ce188cf16b8cc7ce6d,31457280,1480,1399945427.7991273,5.550125966,5535.009509367954 KB/s
4286fd6a18630683f4f2efc03d44bd1d,31457280,1480,1399945427.775125,5.699657201,5389.7978275974565 KB/s
99fea4ce6b84f65625d7fd414cde105b,31457280,1480,1399945436.1535525,1.387680835,22137.65530601999 KB/s
6cded90d28e067867a5375cb241bbc2d,31457280,1480,1399945436.08915,2.489456024,12340.045256408996 KB/s
750efd406743e93c492269a728bd7f18,31457280,1480,1399945435.9691467,2.836875619,10828.81455720248 KB/s
3c0592c3c8e7af255082fab72be44018,31457280,1480,1399945436.230922,3.825188411,8030.976960941128 KB/s
9a3085e2c0ec24ee01b144b849fc45e9,31457280,1480,1399945436.2073746,3.894565832,7887.913910091532 KB/s
e21db84a2d4d6f9446d7d48f3b728dc4,31457280,1480,1399945436.1570399,4.091331901,7508.557297072732 KB/s
7ffc7890a22256d92f313b5b57f8ec37,31457280,1480,1399945436.1211362,4.328856195,7096.562836964373 KB/s
1d1e23d1d336015f167cd217a0c71149,31457280,1480,1399945436.259568,4.194559126,7323.773268466261 KB/s
4b850d33c49fa9d561a4b590ff625b10,31457280,1480,1399945436.1937838,4.282449759,7173.464191947336 KB/s
12ec7fb71f7a246fe9d0590cd09da698,31457280,1480,1399945436.2390885,4.31352632,7121.783367256699 KB/s
2754f1b1eb573ac0b13688d0b9fa83c0,36700160,1480,1399945690.726675,1.735160121,20655.1542801392 KB/s
4558bdf4d965076eeef47d85085925ab,36700160,1480,1399945690.725502,3.839814292,9333.784728774586 KB/s
786308e662220569414bde9cad23a802,36700160,1480,1399945690.6835423,4.229593543,8473.62746222161 KB/s
6ad341daad32a9805a3153fd7d294f3b,36700160,1480,1399945690.6987247,4.399417834,8146.53241686159 KB/s
15003241cd52f94ddeec6affcdcf70fb,36700160,1480,1399945690.7043087,4.677620561,7662.01523458713 KB/s
f3401edfdb120427e13dc77cbd67080e,36700160,1480,1399945690.7251685,4.997422362,7171.697207849489 KB/s
3f1f98f4576af6a7e8cd3dbd4221b644,36700160,1480,1399945690.5970764,5.143569946,6967.923130484828 KB/s
218d61503c71e9a686a603ee4c8b9188,36700160,1480,1399945690.7051249,5.07024882,7068.68662118243 KB/s
bacf4c5e1b4eb393fd58aae3d0f19d00,36700160,1480,1399945690.6291842,5.217114357,6869.697987722296 KB/s
63756b8f06aea26de880f72218bfd089,36700160,1480,1399945690.7487078,5.164589409,6939.564244457443 KB/s
fb041ab5db2e30b26a50a574e5f2fee5,36700160,1480,1399945698.3810773,1.813759814,19760.05848368631 KB/s
e6378b8c37ba52072beeae14dce7d18b,36700160,1480,1399945698.5946348,2.662512754,13460.968382651361 KB/s
6adef067557796d864f76b17f0da30fc,36700160,1480,1399945698.5355809,4.38949492,8164.948508472132 KB/s
8c178bcd0f5c1480b881480dd3e06d8f,36700160,1480,1399945698.6019673,5.028661292,7127.145361135609 KB/s
9ab72316e87661aff4d1a4ab833f4c85,36700160,1480,1399945698.637347,5.022142321,7136.396722596982 KB/s
00a7dc1291f34a21eab072da8df57520,36700160,1480,1399945698.477209,5.362257003,6683.752751863393 KB/s
308b94f40667a33a3b3e1f444b7b195a,36700160,1480,1399945698.5133028,5.458703713,6565.6613519151815 KB/s
83a1389adab3f36990882982cf37635b,36700160,1480,1399945698.689226,5.381782415,6659.503717598735 KB/s
dfa946dbc3d9db2c8d9d0cc389e94d08,36700160,1480,1399945698.7037885,5.378489809,6663.580535195544 KB/s
93f0d2a748ebaef2808bc405769be32f,36700160,1480,1399945698.7481127,5.555257228,6451.546441334292 KB/s
ab668f89ca34220019b97d878915523f,36700160,1480,1399945704.748642,3.62248618,9893.757551892164 KB/s
820bf4b542b88f83a8d365eacef95022,36700160,1480,1399945705.0906262,4.135703241,8665.998963536369 KB/s
a7aa2b1196f97d67ba7323d39ef4dd79,36700160,1480,1399945705.11933,4.272103116,8389.310610451099 KB/s
3f510b4c4ce9d9bce7a74f0fb0f01cb4,36700160,1480,1399945704.89723,5.406466994,6629.09808563977 KB/s
584817891823b8abc406d7cae0787a13,36700160,1480,1399945704.9003475,5.549866457,6457.813044275202 KB/s
719aabca98c1c9792c2c90bcf0d61e48,36700160,1480,1399945705.0844848,5.436342825,6592.6673783675515 KB/s
bf8d2de798d73647e54b2d0a498449b4,36700160,1480,1399945705.0163507,5.57034919,6434.0670176190515 KB/s
46eeeed1e4c279ea21d7ebc3784009d5,36700160,1480,1399945704.98025,5.693094223,6295.34636107146 KB/s
121bc4e6bd6ea7eebcc1957fffdf05a4,36700160,1480,1399945704.8368196,5.876591486,6098.77342765493 KB/s
b2a7e8f706710239acccf01a1fe67199,36700160,1480,1399945705.0671875,5.792586499,6187.218784939546 KB/s
45267edfb1174576e13bd101eb90bda8,36700160,1480,1399945713.6024733,2.065572425,17351.12241343946 KB/s
ce8121ca69b804291954baa97fe8d321,36700160,1480,1399945713.4411418,3.212090446,11157.842720347857 KB/s
b5814a61e8a45076e8c3761d4f956ee2,36700160,1480,1399945713.604101,3.397602538,10548.61467730632 KB/s
5ec4f7e4342b28d42901d4ca28c26740,36700160,1480,1399945713.566208,4.425166242,8099.130753515316 KB/s
b95aa2ff4c2c17ec50cbea40ab0942f0,36700160,1480,1399945713.5915267,4.480423053,7999.244619545975 KB/s
3c76f06a62f681c7e7f9fbb38e818982,36700160,1480,1399945713.497144,4.692452512,7637.797059926858 KB/s
779d95e60108bd3bff30216dd4e49798,36700160,1480,1399945713.5869625,4.66449352,7683.578044717704 KB/s
753222ea49c896acb21399c0420fbecb,36700160,1480,1399945713.5875995,4.838737684,7406.8904620538215 KB/s
b89073445610159892dc782bcd82cb37,36700160,1480,1399945713.5025208,5.036727904,7115.730824279207 KB/s
4e7ad0cf1e68ceafbe3be22dacf150cc,36700160,1480,1399945713.563171,5.062408467,7079.634176820762 KB/s
ff201536857d0be081cae3bae48eb176,36700160,1480,1399945721.3010688,2.061548907,17384.986540122864 KB/s
424b4e0bcde79673837057d5ab5f7da5,36700160,1480,1399945721.2410898,4.331791195,8273.713664077015 KB/s
6a59691adb5099ffa3dff9b7d72c4d4f,36700160,1480,1399945721.3888214,4.348322503,8242.258934399006 KB/s
3d9c86546ececc816c8b4f5e7112eef4,36700160,1480,1399945721.2372596,4.936515454,7260.1818699786045 KB/s
d0614305fb2cd9878ea3e3458b7aa375,36700160,1480,1399945721.3505473,5.027255295,7129.138644628948 KB/s
e5e25d2ec91e8cf5ad1f2df228001b1b,36700160,1480,1399945721.3577075,6.016812698,5956.642129131473 KB/s
f3fbdbce33af236986a38f2cc1eb4456,36700160,1480,1399945721.2779884,6.107934424,5867.777469773307 KB/s
6aed633ec97adf8d9dbe686cf670d77d,36700160,1480,1399945721.345787,6.044711031,5929.150263130254 KB/s
262faac23107f2c6a437df1de7a96e75,36700160,1480,1399945721.3234644,6.196456367,5783.950999940931 KB/s
ee885aa9b74612aba38d71e147a80c5e,36700160,1480,1399945721.3887181,6.313366241,5676.844749992384 KB/s
f51d16fdf15e13f7782355aad56e2e68,41943040,1480,1399946018.0970736,2.035471814,20123.098594771305 KB/s
b0427b4ce1ce59776e769d66de393bc7,41943040,1480,1399946018.3057263,3.803154031,10770.008173776225 KB/s
f80f284934de51dbc4d12cc0995b97b8,41943040,1480,1399946018.3080237,4.0681558,10068.444281312923 KB/s
6702a9239f9fd43108fe8bbd7046dfc4,41943040,1480,1399946018.1491172,6.642256554,6166.579033345782 KB/s
f59d5abd652584c10c43d5dfa57eae14,41943040,1480,1399946018.1750758,6.691670436,6121.042629302613 KB/s
812bf3f728285ed724c7795e29a5f6f3,41943040,1480,1399946018.234859,6.650599899,6158.842904706813 KB/s
5ea73fa7dbc91117d0611bfaf8589ccd,41943040,1480,1399946017.973174,7.424866026,5516.597855983994 KB/s
3de121fac5c957ee676e25b85b6bab7e,41943040,1480,1399946018.2215755,7.256273845,5644.770425557168 KB/s
9a0444f6023cfa712dd10cf5a2467359,41943040,1480,1399946018.1901374,7.377438909,5552.062240736611 KB/s
58558f9bca89758fea44d70151b60b78,41943040,1480,1399946018.2851872,7.591876294,5395.24070385228 KB/s
ced05f2f8da4bb3add162c64cc9ec986,41943040,1480,1399946028.4611316,1.632648641,25088.067923121493 KB/s
a8c406d3813ebeb4e1ceba49165f56ad,41943040,1480,1399946028.5880396,2.664318228,15373.538929974997 KB/s
2ff4850777d40e986669f08ea222d08d,41943040,1480,1399946028.4971526,4.708200228,8699.714968876639 KB/s
4f6bd83fe204ffaac422e50301f9b089,41943040,1480,1399946028.6543741,5.230927331,7830.351562572682 KB/s
163397bdc00870e4b745434b407e9266,41943040,1480,1399946028.5636418,6.369739575,6430.404181791058 KB/s
1dd363222813b2a99d67dd9540eb47f5,41943040,1480,1399946028.6159177,7.18769506,5698.627954870417 KB/s
e4e97773de700f571256efb35cab6bb9,41943040,1480,1399946028.6541524,7.195794278,5692.2138707089925 KB/s
6eb2d13190d9ee6e57e2aa3ca3fe3f6b,41943040,1480,1399946028.6558692,7.253926221,5646.597270512823 KB/s
8aa34b62c815d32d74aeeab9b201b9c5,41943040,1480,1399946028.555021,7.411651336,5526.433738328783 KB/s
a56ab7b353314d429a9dbb5cb6e0b34c,41943040,1480,1399946028.676898,7.577062435,5405.788899243774 KB/s
b2e93e07576eadb06cb4db3892565c4f,41943040,1480,1399946037.017387,1.41721945,28901.6637472764 KB/s
12ca1015c9b01a352cf780b837d24dfc,41943040,1480,1399946036.7811544,3.199902978,12800.388099766942 KB/s
5fae217662e77d694ee93bcde441605a,41943040,1480,1399946036.9291244,4.152789236,9863.250377583092 KB/s
5fe39ea8c2100435f07da8ec8911767f,41943040,1480,1399946037.0167704,4.246172197,9646.335122475486 KB/s
25e4aa7a0372c3be7419ff41a4fbfea4,41943040,1480,1399946036.9650948,5.469083653,7489.371638616623 KB/s
5b8693abe3e244956062ad9ee2be7c5d,41943040,1480,1399946036.9422421,5.514971737,7427.055287554595 KB/s
f4aebb1d83c7df94f84ef057ffa4b86d,41943040,1480,1399946036.9560142,5.768787682,7100.278647419286 KB/s
cdf6e3f5dcc9a2712a387b7611850d50,41943040,1480,1399946036.9811602,5.981798257,6847.439221486269 KB/s
2d5248d6febd200d43e24ae376f0e73f,41943040,1480,1399946036.9894643,6.290159467,6511.758599267321 KB/s
09b8217e8217e1c4c0f0322983c69e25,41943040,1480,1399946036.989229,6.354551353,6445.773702129683 KB/s
0468dfdf635e284b1c131a3c10a8fbc9,41943040,1480,1399946045.9570868,2.340194577,17502.818100069464 KB/s
5d7efc39098fa0783bdf88496339aa47,41943040,1480,1399946045.8688045,3.969091962,10319.740734694522 KB/s
9a7379f220c325287f03565fc15a4004,41943040,1480,1399946045.9692075,4.286907559,9554.673021583576 KB/s
be6db69ec9d5293a9356e2e0b3ee4b8a,41943040,1480,1399946046.0131814,4.436594329,9232.306801697669 KB/s
64089572605f040542854a99809bfabb,41943040,1480,1399946046.0885623,6.162255331,6646.917045768222 KB/s
f6ca3ef9b2b356f5cc7be8b297ebaced,41943040,1480,1399946046.1114016,6.29871801,6502.910581958248 KB/s
23761cf07c120d5a1dd77918200deb26,41943040,1480,1399946046.0501282,6.395475439,6404.527761958621 KB/s
7641c68f8597e0244506294c5891ab5a,41943040,1480,1399946046.054942,6.510800756,6291.08485039317 KB/s
2ef13faf4275ee27119d3b2a73b37e3c,41943040,1480,1399946046.1315982,6.539629181,6263.352074916372 KB/s
b2288916c54a3e70c159668d7ea3bc2b,41943040,1480,1399946046.071359,6.669436475,6141.4484047544665 KB/s
237775e9fecf6b914fe0c05403f2911c,41943040,1480,1399946055.3085876,3.732744864,10973.158223331495 KB/s
dc15be1f4ab14a9a0489eb663c0947b9,41943040,1480,1399946055.4981623,4.94147587,8289.02155501166 KB/s
5e86db616722978306d08fe474f2edd5,41943040,1480,1399946055.525322,6.245024513,6558.821332844303 KB/s
e2ea31e30edeb9e474b75d17b1bcca79,41943040,1480,1399946055.3732138,6.551911114,6251.611062378036 KB/s
169f43fd67228395b9168b096b2f9a32,41943040,1480,1399946055.4786944,6.727551402,6088.396439129875 KB/s
d2d207285fea0a2fca294abe45da5bb0,41943040,1480,1399946055.4755344,6.937427534,5904.205816818554 KB/s
9c77b1a57c32f2fa7f5bc87727604946,41943040,1480,1399946055.4254618,9.177449792,4463.113493217354 KB/s
cb1afd6cc4ab172cda74d32d252d62ec,41943040,1480,1399946055.4161012,9.258225958,4424.173722462088 KB/s
622c4610bf30413fc482323f34d65f5c,41943040,1480,1399946055.4978988,9.179684662,4462.026911398931 KB/s
d3fc352fc05f75d65648f1fef8ed2b68,41943040,1480,1399946055.4847617,9.426386793,4345.249234883587 KB/s
546f07b3c0461e4be33c9fe01f6e79e3,47185920,1480,1399946385.057185,1.716422644,26846.534658045446 KB/s
292f8f899b10375f9a280b0becea8cf1,47185920,1480,1399946384.9611897,3.99674037,11529.395390774407 KB/s
f53bf3a269dae4645b387dc783518a65,47185920,1480,1399946385.2279632,5.977611023,7708.765227897633 KB/s
0769ef5fb4cf7d3343605f5c8649330b,47185920,1480,1399946385.2225783,7.203748137,6396.670056150799 KB/s
8452b1cf8f19c8d3dd89a4d62f97993d,47185920,1480,1399946384.90117,9.535489564,4832.4734341872745 KB/s
4e4f3c5c15d160ab4322e5d9322085a8,47185920,1480,1399946385.1225772,9.607922689,4796.041922023005 KB/s
c0ed3ca3b06a290a2977676b432bd175,47185920,1480,1399946385.119594,9.733184433,4734.31900085726 KB/s
e3fa518e432d979325971650bb574f46,47185920,1480,1399946385.1518133,9.745242669,4728.461010681888 KB/s
aa97c5e4a6ea72e14e70e10a8b065985,47185920,1480,1399946385.085187,9.823851502,4690.624648654222 KB/s
49cf4724a839fce241ee839a599c6a4e,47185920,1480,1399946385.2092004,9.925433381,4642.618436008019 KB/s
0bfd376614d03b8ecf307ad7cbf0eaaf,47185920,1480,1399946397.641174,2.26462242,20347.76287342417 KB/s
5123cb11f38efaa60957cd869f7113f8,47185920,1480,1399946397.8011844,4.663007628,9882.034016694086 KB/s
13eca0ef3a88491dcf894bbb2353c021,47185920,1480,1399946397.8811085,6.000410436,7679.474677855186 KB/s
a9068985ffe8150c46649940a7eb6c0d,47185920,1480,1399946397.8951228,6.307463757,7305.630563292669 KB/s
6190f9a2c28322f09c2d59885b5f0c11,47185920,1480,1399946397.73705,6.537932886,7048.099269827837 KB/s
80a92f99557ef6da918601183a7f3e12,47185920,1480,1399946397.828738,6.472566635,7119.277807172394 KB/s
cb812551e16da4dd25eca2476240d5d2,47185920,1480,1399946397.928295,6.873327852,6704.176054484532 KB/s
e5f356219c602af70e4529a7498e47c8,47185920,1480,1399946397.9049377,7.01849783,6565.507479824924 KB/s
e8abb3d8a9a3817b03700c2fa5353b19,47185920,1480,1399946397.8424065,7.21405755,6387.528749337465 KB/s
dc61d28aa3995e4530124250b99849b9,47185920,1480,1399946397.90858,7.353650062,6266.275878168107 KB/s
8deb1c53ab3c8ae0fed139043e44112f,47185920,1480,1399946407.7810366,2.026045423,22743.81387351551 KB/s
2839057cda8fae0e4ee9e60e53f4dab4,47185920,1480,1399946408.090539,4.785885142,9628.312972998632 KB/s
b43a6cdcd25e3f6575709ed933bf674b,47185920,1480,1399946408.0572329,4.998680025,9218.433620383614 KB/s
fcf0dc80ac0a4ccbcda41efadd506e98,47185920,1480,1399946407.9286222,5.411719585,8514.853601750321 KB/s
1171fca3de137f7e0e01c4b8fd1834cf,47185920,1480,1399946407.910514,5.47441062,8417.344477532086 KB/s
94164f1e15859acd495ef4acc40751c2,47185920,1480,1399946407.829082,7.348278084,6270.856855612706 KB/s
18b514c965d37131cf436ac48825bbb9,47185920,1480,1399946408.065105,7.520195555,6127.50023094313 KB/s
8f0530bb31bf60f550b2b3f875ca27d0,47185920,1480,1399946408.057073,9.744018037,4729.055285512091 KB/s
39d18e10fee099c8e0cf6d0f98bc840a,47185920,1480,1399946407.9875152,9.871675205,4667.900740561287 KB/s
3400a44240e80d464f8892e46f9e2cd9,47185920,1480,1399946407.9949975,9.920218271,4645.059084506912 KB/s
26b2d175330bd224f37b571b1d6671b6,47185920,1480,1399946420.4844432,2.655765248,17350.931161819313 KB/s
0a81055ea5004608f66229bfefd5f574,47185920,1480,1399946420.6408842,5.177537575,8899.983695434601 KB/s
9249a93286508d9814eb4656e4f3b4f3,47185920,1480,1399946420.712858,6.615687351,6965.262648488783 KB/s
9b7961dab14fbdc22e79d8ea2179c117,47185920,1480,1399946420.4890778,7.007440064,6575.867874593925 KB/s
f75c6d725601ed3016a08059f34c37ef,47185920,1480,1399946420.6202087,6.942788428,6637.10272578106 KB/s
f7983581e84007253e6e3f07cdf006fb,47185920,1480,1399946420.6884875,7.047955013,6538.066703746708 KB/s
6300baacba30af4c44fee3d349931115,47185920,1480,1399946420.5931826,7.36761287,6254.400280399098 KB/s
134ff956c21922d5014df4dced772aeb,47185920,1480,1399946420.611984,7.564504371,6091.608615715347 KB/s
f1f37ddc867304422be7ce6a6e4dd3cd,47185920,1480,1399946420.6654663,7.811719875,5898.829033471967 KB/s
340785b91e13afa07611897a2157df61,47185920,1480,1399946420.6626647,7.923290241,5815.765748622158 KB/s
c5581d4698a0ebc823c745f837d4769c,47185920,1480,1399946431.2570746,2.860073277,16111.4753144837 KB/s
f4c0ddfdb9758cb86c9669fee2447745,47185920,1480,1399946431.1010683,5.707579409,8073.475057979697 KB/s
69f56a348c27f5ae0f0cb22cdb89cd59,47185920,1480,1399946431.3584347,5.752277814,8010.739656532173 KB/s
70dd12335dbd24687aed3b0bfc774179,47185920,1480,1399946431.2691016,6.218898299,7409.672547211404 KB/s
3c1de6a9e5f257e6875908584a5bc2eb,47185920,1480,1399946431.4011567,8.000303239,5759.7816761955355 KB/s
63673b26b843660f4d9785e25f81cd3e,47185920,1480,1399946431.3600156,8.304409115,5548.859571088219 KB/s
c142620cfb226d0b7c6ae05045d15874,47185920,1480,1399946431.3938415,8.317309836,5540.252907322377 KB/s
33d29ee8f4df68d0b01e62b12e1c8f75,47185920,1480,1399946431.2719898,8.447950722,5454.577271621542 KB/s
a844c52d1ed0377899e7fc19a792d775,47185920,1480,1399946431.2931082,8.597021207,5359.996083583002 KB/s
9d610de4e87c920a746c1638bc2ef2bf,47185920,1480,1399946431.335336,8.61529247,5348.628634542456 KB/s
29cb25766fc4b0a4f12145f39cf9f3fb,52428800,1480,1399946783.745075,2.471804419,20713.612940587594 KB/s
af602d20729445b907e087219629e3ec,52428800,1480,1399946784.1037931,6.496347801,7881.35142519904 KB/s
53d763107a5a81a60706aa522c335947,52428800,1480,1399946784.0673378,6.563595273,7800.6028510953865 KB/s
a84a67bab026d635790c767a0d981f1c,52428800,1480,1399946784.0210779,8.48195655,6036.343112368337 KB/s
8cff7454bb6ebb471f45a7ac64a7aba5,52428800,1480,1399946783.9450853,8.645797952,5921.951945240184 KB/s
8e9729ff4862c60873139d31570d9568,52428800,1480,1399946784.0757854,8.535682118,5998.348965225605 KB/s
680fa8000745f3d3dd1bd022cc77e0ab,52428800,1480,1399946783.8998082,8.725244485,5868.0304131328885 KB/s
b22dcd76daebd0c65b3cbc6b4b419d8b,52428800,1480,1399946784.0190558,8.710217081,5878.154301307247 KB/s
8c28d700fc03d3e09d8dae9f1fc71be3,52428800,1480,1399946784.0555046,9.172105301,5582.142629175643 KB/s
61689e503928e401431c5f567b2d88df,52428800,1480,1399946784.016833,9.314099811,5497.042230482922 KB/s
18a38d1e7e57e8121c3dabaf95a6db5b,52428800,1480,1399946793.9250805,3.740990595,13686.214573335488 KB/s
880fff6817c0ad09df5761d1caf1e455,52428800,1480,1399946794.1371,6.575074858,7786.983586613334 KB/s
e0d9560fb91f27a96d93105f62c93934,52428800,1480,1399946794.1759925,6.545779543,7821.833849377472 KB/s
8510a11a830bb6192ccc08aee050e24b,52428800,1480,1399946794.1048002,8.30984689,6161.365026064879 KB/s
fe6880770bf33b4cea93d3fbc1566e00,52428800,1480,1399946793.8410878,8.72971062,5865.028318659203 KB/s
c3b396341802c78b60400481a8629bf7,52428800,1480,1399946794.0865264,9.111747661,5619.119614028125 KB/s
024ace2b8271eefd938fbc2437e0d939,52428800,1480,1399946794.0331087,11.090284848,4616.653287244764 KB/s
0bccd6a7f79efaa475759c8ffd298482,52428800,1480,1399946794.121652,11.055578144,4631.146316648024 KB/s
d0d1a70d36c80180f19600e1786179ee,52428800,1480,1399946794.1099827,11.295808603,4532.6547040113655 KB/s
f9acafade2f16d0bdebdb3c51171573d,52428800,1480,1399946793.9775286,11.660193272,4391.007833716463 KB/s
4a756682ebc21e74b86d718a3051b401,52428800,1480,1399946808.3010695,1.979869525,25860.289960268972 KB/s
ce3a445928a5782cdfb7c1834d29420b,52428800,1480,1399946808.2858818,2.152225867,23789.324710313966 KB/s
f07a96e2a2aa307d024e480942233221,52428800,1480,1399946808.3419323,7.04500757,7267.557840253677 KB/s
fa53258086bb02930301bff7fd63aa81,52428800,1480,1399946808.3813136,7.19287138,7118.158701177832 KB/s
a97b2fbb388c7686e3d735e4e46b945e,52428800,1480,1399946808.1810777,8.257987629,6200.057725952304 KB/s
e36dedb09ef96264974d098fe5f24e26,52428800,1480,1399946808.4238193,8.818904269,5805.709920219568 KB/s
321e6175393fc2713403bdaeac334931,52428800,1480,1399946808.4296553,9.117845766,5615.361491518346 KB/s
a793fc66233bad7681158d7b92a08203,52428800,1480,1399946808.4563565,9.13917706,5602.254958391188 KB/s
bfb1f78f40aeb394cc1bae48fe244bca,52428800,1480,1399946808.4156258,9.22123862,5552.399423755504 KB/s
73840b14448350634f3be66f97fccfb9,52428800,1480,1399946808.4178553,9.415590834,5437.789396616 KB/s
fe59dd6b58d4b3862370ee121a6b1300,52428800,1480,1399946820.5692894,1.795304044,28518.846248418522 KB/s
962d6ff5c84628468603c6a9d4faf727,52428800,1480,1399946820.3645453,4.524658845,11315.770261127831 KB/s
45e8d993f19eae2b73340313e131b80f,52428800,1480,1399946820.377078,7.026048366,7287.168737375014 KB/s
ff313825dc6d763266f1cacb96742abe,52428800,1480,1399946820.707808,6.86647888,7456.514597187547 KB/s
22250bc906e28d438c9c46dd93385bb0,52428800,1480,1399946820.4524095,7.523951548,6804.9348368823385 KB/s
bffd9464c88ffa1ec56987a4581bf2fa,52428800,1480,1399946820.5386157,7.913461182,6469.988140772054 KB/s
8c3915e612d3e81ac1b75b44387fa96b,52428800,1480,1399946820.6787097,8.754813574,5848.211337366851 KB/s
91258fea6be3927e14b019bd5b97ff01,52428800,1480,1399946820.6423752,8.905725033,5749.110803475219 KB/s
26547a74a0b1fc1fb747af62e9951e45,52428800,1480,1399946820.701954,9.272729424,5521.567346447356 KB/s
ec735a8b871bec6ee0551ba97c8f7087,52428800,1480,1399946820.5210803,9.666975489,5296.382519875033 KB/s
b87dd0b3055ef287675c841352d67234,52428800,1480,1399946832.749088,2.36150052,21681.13009773972 KB/s
bac4be911201a4926ff4134cea3b40e1,52428800,1480,1399946832.9360528,4.427249417,11564.742614996881 KB/s
0750f7e13268750396c6c6c03989828f,52428800,1480,1399946832.8091261,4.665500058,10974.171978029799 KB/s
8a78443ddf6b118e1436b05cefa1d5e9,52428800,1480,1399946832.9765644,7.481945076,6843.140317112908 KB/s
8e1fa24faf2be9771b053b7aa3550a00,52428800,1480,1399946832.9693022,7.762799599,6595.558644409107 KB/s
b4195ea7ae98dae34db005cd7f330710,52428800,1480,1399946832.8250835,7.935196234,6452.266395205571 KB/s
bdcfbb0b1725548bac0ca6acd5a709fa,52428800,1480,1399946833.0305023,7.740732797,6614.3608548073225 KB/s
c8723170f55d639cf693438ba8659ed0,52428800,1480,1399946832.9170985,8.346947497,6133.978920845248 KB/s
09dd713a668fbf7efaeab0da3edc8552,52428800,1480,1399946832.9388843,8.584015723,5964.574349836615 KB/s
c9e32151d34382ffdf920b91bf06dbeb,52428800,1480,1399946833.0127885,9.403797424,5444.608990547732 KB/s
